{
  "accuracy": 0.8034934497816594,
  "f1": 0.8249027237354085,
  "best_model": "Random Forest"
}